--DROP TABLE SCHEDULE.USERS;
--DROP TABLE SCHEDULE.COURSES;
--DROP TABLE SCHEDULE.CLASSROOMS;
--DROP TABLE SCHEDULE.IS_OCCUPIED_BY;
--DROP TABLE SCHEDULE.CONFLICTS;
--DROP TABLE SCHEDULE.COMMENTS;
--DROP TABLE TEACHER_WISHES;
--
----CREATE TABLES FOR SCHEDULE SCHEMA
--
--CREATE TABLE SCHEDULE.USERS
--(
--USER_ID INT NOT NULL PRIMARY KEY,
--NAME VARCHAR(100) NOT NULL,
--PASSWORD VARCHAR(100) NOT NULL,
--IS_ADMIN BOOLEAN DEFAULT 0,
--IS_TEACHER BOOLEAN DEFAULT 0,
--GRADE VARCHAR(20) DEFAULT(NULL), -- GRADE = TITULAR/COLAB
--COURSE_ID INT DEFAULT 0
--);
--
--CREATE TABLE SCHEDULE.COURSES
--(
--COURSE_ID INT NOT NULL PRIMARY KEY,
--NAME VARCHAR(100) NOT NULL,
--COURSES_NUMBER INT,
--COURSE_HOUR INT,
--LABORATORIES_NUMBER INT,
--LABORATORY_HOUR INT
--);
--
--CREATE TABLE SCHEDULE.CLASSROOMS
--(
--CLASSROOM_ID INT NOT NULL PRIMARY KEY,
--NAME VARCHAR(100) NOT NULL,
--TYPE VARCHAR(20) NOT NULL -- TYPE = COURSE/LAB
--);
--
--CREATE TABLE SCHEDULE.IS_OCCUPIED_BY
--(
--DAY_ID INT NOT NULL PRIMARY KEY,
--DAY_NAME VARCHAR(20) NOT NULL,
--CLASSROOM_ID INT NOT NULL,
--IS_OCCUP8_10 BOOLEAN DEFAULT 0,
--IS_OCCUP10_12 BOOLEAN DEFAULT 0,
--IS_OCCUP12_14 BOOLEAN DEFAULT 0,
--IS_OCCUP14_16 BOOLEAN DEFAULT 0,
--IS_OCCUP16_18 BOOLEAN DEFAULT 0,
--IS_OCCUP18_20 BOOLEAN DEFAULT 0,
--FOREIGN KEY (CLASSROOM_ID) REFERENCES CLASSROOMS(CLASSROOM_ID)
--);
--
--CREATE TABLE SCHEDULE.CONFLICTS
--(
--CONFLICT_ID INT NOT NULL PRIMARY KEY,
--FIRST_HALF_ID INT NOT NULL, -- USER_ID
--FIRST_START_INTERVAL INT,
--FIRST_END_INTERAL INT,
--FIRST_DAY_ID INT,
--FIRST_CLASSROOM_ID INT,
--SECOND_HALF_ID INT NOT NULL, -- USER ID
--SECOND_START_INTERVAL INT,
--SECOND_END_INTERAL INT,
--SECOND_DAY_ID INT,
--SECOND_CLASSROOM_ID INT,
--FOREIGN KEY (FIRST_HALF_ID) REFERENCES USERS(USER_ID),
--FOREIGN KEY (SECOND_HALF_ID) REFERENCES USERS(USER_ID)
--
--);
--
--CREATE TABLE SCHEDULE.COMMENTS
--(
--CONFLICT_ID INT,
--COMMENT VARCHAR(1000)
--);
--
--CREATE TABLE SCHEDULE.TEACHER_WISHES
--(
--WISH_ID INT PRIMARY KEY,
--USER_ID INT,
--COURSE_ID INT,
--DAY_ID INT,
--CLASSROOM_ID INT,
--START_INVERVAL INT,
--END_INTERVAL INT,
--FOREIGN KEY (USER_ID) REFERENCES USERS(USER_ID),
--FOREIGN KEY (COURSE_ID) REFERENCES COURSES(COURSE_ID),
--FOREIGN KEY (DAY_ID) REFERENCES IS_OCCUPIED_BY(DAY_ID),
--FOREIGN KEY (CLASSROOM_ID) REFERENCES CLASSROOMS(CLASSROOM_ID)
--);

-------------------------------------------------------------------------
--INSERTS
INSERT INTO USER(USER_ID, NAME, PASSWORD, IS_ADMIN) VALUES(1, 'admin', 'admin', 1);
INSERT INTO USER(USER_ID, NAME, PASSWORD, IS_TEACHER, GRADE) VALUES(2, 'Georgescu Alexandru', 'user1', 1, 'TITULAR');
INSERT INTO USER(USER_ID, NAME, PASSWORD, IS_TEACHER, GRADE) VALUES(3, 'Anghel Corina', 'user2', 1, 'TITULAR');
INSERT INTO USER(USER_ID, NAME, PASSWORD, IS_TEACHER, GRADE) VALUES(4, 'Isac Valentin', 'user3', 1, 'TITULAR');
INSERT INTO USER(USER_ID, NAME, PASSWORD, IS_TEACHER, GRADE) VALUES(5, 'Bodnar Florin', 'user4', 1, 'TITULAR');

INSERT INTO IS_OCCUPIED_BY(DAY_ID, CLASSROOM_ID, DAY_NAME, IS_OCCUP10_12, IS_OCCUP12_14, IS_OCCUP14_16, IS_OCCUP16_18, IS_OCCUP18_20, IS_OCCUP8_10, USER_ID) VALUES(1, 1, 'LUNI', 0, 0, 1, 0, 1, 0, 1);
INSERT INTO IS_OCCUPIED_BY(DAY_ID, CLASSROOM_ID, DAY_NAME, IS_OCCUP10_12, IS_OCCUP12_14, IS_OCCUP14_16, IS_OCCUP16_18, IS_OCCUP18_20, IS_OCCUP8_10, USER_ID) VALUES(2, 1, 'MARTI', 1, 0, 1, 0, 0, 0, 1);
INSERT INTO IS_OCCUPIED_BY(DAY_ID, CLASSROOM_ID, DAY_NAME, IS_OCCUP10_12, IS_OCCUP12_14, IS_OCCUP14_16, IS_OCCUP16_18, IS_OCCUP18_20, IS_OCCUP8_10, USER_ID) VALUES(3, 4, 'MIERCURI', 0, 1, 1, 0, 0, 1, 0);
INSERT INTO IS_OCCUPIED_BY(DAY_ID, CLASSROOM_ID, DAY_NAME, IS_OCCUP10_12, IS_OCCUP12_14, IS_OCCUP14_16, IS_OCCUP16_18, IS_OCCUP18_20, IS_OCCUP8_10, USER_ID) VALUES(4, 10, 'JOI', 1, 0, 0, 1, 0, 0, 0);
INSERT INTO IS_OCCUPIED_BY(DAY_ID, CLASSROOM_ID, DAY_NAME, IS_OCCUP10_12, IS_OCCUP12_14, IS_OCCUP14_16, IS_OCCUP16_18, IS_OCCUP18_20, IS_OCCUP8_10, USER_ID) VALUES(5, 5, 'VINERI', 0, 0, 0, 0, 1, 0, 1);

INSERT INTO CLASSROOM(CLASSROOM_ID, NAME, TYPE) VALUES(1, 'C102', 'LAB');
INSERT INTO CLASSROOM(CLASSROOM_ID, NAME, TYPE) VALUES(2, 'C104', 'LAB');
INSERT INTO CLASSROOM(CLASSROOM_ID, NAME, TYPE) VALUES(3, 'C205', 'LAB');
INSERT INTO CLASSROOM(CLASSROOM_ID, NAME, TYPE) VALUES(4, 'C206', 'LAB');
INSERT INTO CLASSROOM(CLASSROOM_ID, NAME, TYPE) VALUES(5, 'C311', 'LAB');
INSERT INTO CLASSROOM(CLASSROOM_ID, NAME, TYPE) VALUES(6, 'C312', 'LAB');
INSERT INTO CLASSROOM(CLASSROOM_ID, NAME, TYPE) VALUES(7, 'C313', 'LAB');
INSERT INTO CLASSROOM(CLASSROOM_ID, NAME, TYPE) VALUES(8, 'C314', 'LAB');
INSERT INTO CLASSROOM(CLASSROOM_ID, NAME, TYPE) VALUES(9, 'C402', 'LAB');
INSERT INTO CLASSROOM(CLASSROOM_ID, NAME, TYPE) VALUES(10,'C403', 'LAB');
INSERT INTO CLASSROOM(CLASSROOM_ID, NAME, TYPE) VALUES(11, 'AMF1', 'COURSE');
INSERT INTO CLASSROOM(CLASSROOM_ID, NAME, TYPE) VALUES(12, 'AMF2', 'COURSE');
INSERT INTO CLASSROOM(CLASSROOM_ID, NAME, TYPE) VALUES(13, 'AMF3', 'COURSE');

INSERT INTO COURSE(COURSE_ID, COURSE_HOUR, COURSES_NUMBER, LABORATORIES_NUMBER, LABORATORY_HOUR, NAME) VALUES(1, 2, 1, 3, 2, 'MATEMATICA');
INSERT INTO COURSE(COURSE_ID, COURSE_HOUR, COURSES_NUMBER, LABORATORIES_NUMBER, LABORATORY_HOUR, NAME) VALUES(2, 2, 1, 3, 2, 'INTRODUCERE IN PROGRAMARE');
INSERT INTO COURSE(COURSE_ID, COURSE_HOUR, COURSES_NUMBER, LABORATORIES_NUMBER, LABORATORY_HOUR, NAME) VALUES(3, 2, 1, 3, 2, 'INVATARE AUTOAMATA');
INSERT INTO COURSE(COURSE_ID, COURSE_HOUR, COURSES_NUMBER, LABORATORIES_NUMBER, LABORATORY_HOUR, NAME) VALUES(4, 2, 1, 3, 2, 'SECURITATEA INFORMATIEI');
INSERT INTO COURSE(COURSE_ID, COURSE_HOUR, COURSES_NUMBER, LABORATORIES_NUMBER, LABORATORY_HOUR, NAME) VALUES(5, 2, 1, 3, 2, 'TEHNOLOGII WEB');
INSERT INTO COURSE(COURSE_ID, COURSE_HOUR, COURSES_NUMBER, LABORATORIES_NUMBER, LABORATORY_HOUR, NAME) VALUES(6, 2, 1, 3, 2, 'RETELE NEURONALE');
INSERT INTO COURSE(COURSE_ID, COURSE_HOUR, COURSES_NUMBER, LABORATORIES_NUMBER, LABORATORY_HOUR, NAME) VALUES(7, 2, 1, 3, 2, 'ALGORITMI GENETICI');

INSERT INTO WISH(WISH_ID, CLASSROOM_ID, DAY_ID, COURSE_ID, IS_COMPLETED, IS_INTERVAL, TEACHER_ID, TEACHER_NAME) VALUES(1, 1, 1, 1, 0, 1, 2, 'Georgescu Alexandru');
INSERT INTO WISH(WISH_ID, CLASSROOM_ID, DAY_ID, COURSE_ID, IS_COMPLETED, IS_INTERVAL, TEACHER_ID, TEACHER_NAME) VALUES(2, 11, 1, 2, 0, 0, 3, 'Anghel Corina');
INSERT INTO WISH(WISH_ID, CLASSROOM_ID, DAY_ID, COURSE_ID, IS_COMPLETED, IS_INTERVAL, TEACHER_ID, TEACHER_NAME) VALUES(3, 13, 3, 3, 0, 0, 4, 'Isac Valentin');












